0,0,0
0.0,0.14150267648699708,-0.7218299607857533
0.0015723686954903868,0.14149745299693303,-0.7218312628794836
0.0031447373909807737,0.14148178244008994,-0.7218351689000816
0.0047171060864711605,0.14145566455653588,-0.7218416780657739
0.006289474781961547,0.1414190989131421,-0.7218507890735817
0.007861843477451934,0.1413720849037013,-0.7218625000992976
0.009434212172942321,0.14131462174910378,-0.7218768087974508
0.011006580868432708,0.14124670849757356,-0.7218937123012492
0.012578949563923095,0.14116834402493303,-0.7219132072225319
0.014151318259413482,0.14107952703494359,-0.7219352896516885
0.01572368695490387,0.14098025605967432,-0.7219599551575857
0.017296055650394257,0.14087052945993517,-0.721987198787471
0.018868424345884642,0.14075034542575837,-0.7220170150668729
0.020440793041375027,0.140619701976924,-0.7220493979994883
0.022013161736865416,0.14047859696354117,-0.7220843410670609
0.023585530432355804,0.14032702806668126,-0.722121837229242
0.02515789912784619,0.14016499279906056,-0.7221618789234532
0.026730267823336575,0.13999248850576507,-0.7222044580647297
0.028302636518826963,0.13980951236504147,-0.7222495660455553
0.02987500521431735,0.13961606138912472,-0.7222971937356882
0.03144737390980774,0.1394121324251231,-0.7223473314819794
0.03301974260529812,0.13919772215595513,-0.7223999691081713
0.034592111300788514,0.13897282710133088,-0.722455095914704
0.0361644799962789,0.13873744361878912,-0.7225127006784939
0.037736848691769284,0.13849156790478373,-0.7225727716527108
0.03930921738725967,0.1382351959958176,-0.7226352965665505
0.040881586082750054,0.13796832376963516,-0.722700262624987
0.042453954778240446,0.13769094694645917,-0.7227676565085245
0.04402632347373083,0.1374030610902757,-0.722837464372934
0.04559869216922122,0.13710466161017829,-0.7229096718489908
0.04717106086471161,0.13679574376175455,-0.7229842640421915
0.048743429560201994,0.1364763026485335,-0.7230612255324661
0.05031579825569238,0.13614633322347128,-0.7231405403738879
0.051888166951182764,0.13580583029049667,-0.7232221920943701
0.05346053564667315,0.13545478850610704,-0.7233061636953515
0.05503290434216354,0.1350932023810093,-0.7233924376514791
0.056605273037653926,0.13472106628181885,-0.7234809959102836
0.05817764173314431,0.13433837443280025,-0.7235718198918448
0.0597500104286347,0.13394512091767527,-0.723664890488449
0.06132237912412509,0.13354129968146247,-0.7237601880642399
0.06289474781961547,0.13312690453237985,-0.7238576924548691
0.06446711651510587,0.1327019291437967,-0.7239573829671259
0.06603948521059624,0.1322663670562316,-0.7240592383785789
0.06761185390608664,0.1318202116794128,-0.7241632369371926
0.06918422260157703,0.1313634562943744,-0.7242693563609546
0.0707565912970674,0.13089609405561767,-0.7243775738374857
0.0723289599925578,0.1304181179933117,-0.7244878660236515
0.07390132868804818,0.12992952101555927,-0.7246002090451623
0.07547369738353857,0.1294302959106968,-0.7247145784961768
0.07704606607902896,0.12892043534966693,-0.7248309494388923
0.07861843477451934,0.12839993188841595,-0.7249492964031384
0.08019080347000973,0.1278687779703693,-0.7250695933859586
0.08176317216550011,0.1273269659289404,-0.725191813851198
0.0833355408609905,0.12677448799009922,-0.7253159307290752
0.08490790955648089,0.12621133627498884,-0.7254419164157648
0.08648027825197127,0.1256375028025948,-0.7255697427729655
0.08805264694746166,0.12505297949246857,-0.7256993811274723
0.08962501564295206,0.12445775816750161,-0.7258308022707446
0.09119738433844243,0.1238518305567398,-0.7259639764584722
0.09276975303393283,0.12323518829827346,-0.7260988734101411
0.09434212172942322,0.12260782294215247,-0.7262354623085951
0.0959144904249136,0.1219697259533817,-0.7263737117996002
0.09748685912040399,0.12132088871493386,-0.7265135899914081
0.09905922781589437,0.12066130253084527,-0.7266550644543175
0.10063159651138476,0.11999095862935345,-0.7267981022202337
0.10220396520687515,0.11930984816607304,-0.7269426697822385
0.10377633390236553,0.11861796222724584,-0.7270887330941498
0.10534870259785592,0.11791529183302604,-0.7272362575700901
0.1069210712933463,0.11720182794082865,-0.7273852080840509
0.10849343998883669,0.11647756144872226,-0.7275355489694685
0.11006580868432708,0.11574248319887434,-0.727687244018792
0.11163817737981746,0.1149965839810607,-0.7278402564830613
0.11321054607530785,0.11423985453620475,-0.7279945490714878
0.11478291477079824,0.11347228555999461,-0.7281500839510356
0.11635528346628862,0.11269386770653189,-0.7283068227460133
0.11792765216177901,0.11190459159204558,-0.7284647265376616
0.1195000208572694,0.11110444779864932,-0.7286237558637597
0.12107238955275978,0.11029342687816222,-0.7287838707182195
0.12264475824825018,0.10947151935596901,-0.7289450305507071
0.12421712694374056,0.10863871573494198,-0.7291071942662525
0.12578949563923095,0.1077950064994142,-0.7292703202248789
0.12736186433472133,0.10694038211920104,-0.7294343662412321
0.12893423303021173,0.1060748330536783,-0.7295992895842252
0.1305066017257021,0.10519834975591037,-0.7297650469766874
0.1320789704211925,0.1043109226768391,-0.7299315945950204
0.1336513391166829,0.1034125422695045,-0.7300988880688727
0.13522370781217327,0.102503198993351,-0.7302668824808163
0.13679607650766365,0.10158288331854731,-0.7304355323660382
0.13836844520315406,0.10065158573040153,-0.730604791712045
0.13994081389864443,0.09970929673378616,-0.7307746139583728
0.1415131825941348,0.09875600685765011,-0.7309449519963198
0.1430855512896252,0.09779170665956398,-0.731115758168685
0.1446579199851156,0.09681638673033098,-0.7312869842695217
0.14623028868060597,0.09583003769863405,-0.7314585815439099
0.14780265737609635,0.09483265023575714,-0.7316305006877366
0.14937502607158676,0.09382421506033554,-0.7318026918475016
0.15094739476707714,0.0928047229431849,-0.731975104620128
0.15251976346256751,0.09177416471215848,-0.7321476880527995
0.15409213215805792,0.0907325312570785,-0.7323203906428127
0.1556645008535483,0.0896798135346998,-0.732493160337444
0.15723686954903868,0.08861600257374655,-0.7326659445338412
0.15880923824452908,0.08754108947998694,-0.7328386900789279
0.16038160694001946,0.08645506544136951,-0.7330113432693383
0.16195397563550984,0.08535792173320418,-0.7331838498513628
0.16352634433100022,0.08424964972340548,-0.7333561550209216
0.16509871302649062,0.08313024087778273,-0.7335282034235574
0.166671081721981,0.08199968676538098,-0.7336999391544545
0.16824345041747138,0.08085797906388115,-0.7338713057584827
0.16981581911296179,0.07970510956505143,-0.734042246230255
0.17138818780845216,0.07854107018024263,-0.7342127030142297
0.17296055650394254,0.07736585294595169,-0.7343826180048223
0.17453292519943295,0.0761794500294197,-0.7345519325465509
0.17610529389492333,0.07498185373430051,-0.7347205874342096
0.1776776625904137,0.07377305650636518,-0.7348885229130713
0.1792500312859041,0.07255305093927843,-0.7350556786791143
0.1808223999813945,0.07132182978039608,-0.735221993879287
0.18239476867688487,0.07007938593665695,-0.7353874071117971
0.18396713737237527,0.0688257124804884,-0.7355518564264376
0.18553950606786565,0.06756080265578386,-0.7357152793249387
0.18711187476335603,0.06628464988393613,-0.7358776127613638
0.18868424345884643,0.06499724776990025,-0.7360387931425258
0.1902566121543368,0.06369859010833617,-0.7361987563284546
0.1918289808498272,0.06238867088978073,-0.7363574376328862
0.19340134954531757,0.06106748430688615,-0.7365147718237997
0.19497371824080797,0.05973502476069993,-0.7366706931239813
0.19654608693629835,0.05839128686699935,-0.7368251352116432
0.19811845563178873,0.057036265462685844,-0.7369780312210632
0.19969082432727914,0.05566995561220977,-0.7371293137432782
0.20126319302276952,0.05429235261406559,-0.7372789148268181
0.2028355617182599,0.05290345200733168,-0.7374267659784737
0.2044079304137503,0.05150324957825939,-0.7375727981641175
0.20598029910924068,0.050091741366907964,-0.7377169418095673
0.20755266780473106,0.048668923673837315,-0.7378591268014889
0.20912503650022146,0.04723479306684963,-0.7379992824883517
0.21069740519571184,0.045789346387772135,-0.7381373376814323
0.21226977389120222,0.04433258075930447,-0.7382732206558611
0.2138421425866926,0.04286449359190241,-0.7384068591517211
0.215414511282183,0.041385082590711116,-0.7385381803752008
0.21698687997767338,0.03989434576255571,-0.7386671109997941
0.21855924867316376,0.03839228142297373,-0.7387935771675522
0.22013161736865416,0.03687888820329954,-0.7389175044903931
0.22170398606414454,0.03535416505779155,-0.7390388180514633
0.22327635475963492,0.03381811127080697,-0.7391574424065592
0.22484872345512533,0.03227072646403706,-0.7392733015855948
0.2264210921506157,0.030712010603766493,-0.739386319094143
0.22799346084610608,0.029141964008203874,-0.7394964179150239
0.2295658295415965,0.027560587354835967,-0.7396035205099578
0.23113819823708687,0.02596788168784337,-0.7397075488212775
0.23271056693257725,0.02436384842555871,-0.7398084242737105
0.23428293562806765,0.02274848936796202,-0.739906067776212
0.23585530432355803,0.021121806704232804,-0.7400003997238765
0.2374276730190484,0.01948380302033242,-0.7400913399999041
0.2390000417145388,0.017834481306646267,-0.7401788079776422
0.2405724104100292,0.01617384496565256,-0.7402627225226895
0.24214477910551957,0.014501897819651116,-0.7403430019950754
0.24371714780100995,0.012818644118516458,-0.7404195642515047
0.24528951649650035,0.011124088547508243,-0.7404923266476762
0.24686188519199073,0.009418236235116794,-0.7405612060406773
0.2484342538874811,0.007701092760943968,-0.7406261187914517
0.2500066225829715,0.005972664163635146,-0.7406869807673363
0.2515789912784619,0.004232956948839796,-0.7407437073446879
0.2531513599739523,0.0024819780972226172,-0.7407962134115742
0.25472372866944265,0.0007197350725036041,-0.7408444133705567
0.25629609736493303,-0.0010537641704635322,-0.7408882211415436
0.25786846606042346,-0.002838511177568075,-0.7409275501647337
0.25944083475591384,-0.004634496987292789,-0.7409623134036359
0.2610132034514042,-0.006441712122515861,-0.7409924233481793
0.2625855721468946,-0.00826014658229807,-0.7410177920179059
0.264157940842385,-0.010089789833611772,-0.7410383309652516
0.26573030953787535,-0.011930630803053375,-0.7410539512789152
0.2673026782333658,-0.013782657868515772,-0.7410645635873153
0.26887504692885617,-0.015645858850833645,-0.741070078062147
0.27044741562434654,-0.01752022100539592,-0.7410704044220147
0.2720197843198369,-0.019405731013720947,-0.7410654519361781
0.2735921530153273,-0.021302374975016827,-0.7410551294283758
0.2751645217108177,-0.023210138397696787,-0.7410393452807591
0.2767368904063081,-0.02512900619088651,-0.7410180074379132
0.2783092591017985,-0.027058962655880866,-0.7409910234109858
0.27988162779728887,-0.028999991477603963,-0.7409583002819085
0.28145399649277925,-0.030952075716012734,-0.7409197447077299
0.2830263651882696,-0.03291519779750845,-0.7408752629250366
0.28459873388376,-0.034889339506304566,-0.7408247607544993
0.2861711025792504,-0.03687448197577535,-0.7407681436055046
0.2877434712747408,-0.03887060567979752,-0.7407053164809076
0.2893158399702312,-0.04087769042406541,-0.7406361839818888
0.29088820866572157,-0.0428957153373716,-0.7405606503129181
0.29246057736121195,-0.0449246588629099,-0.7404786192868351
0.2940329460567023,-0.04696449874952135,-0.7403899943300402
0.2956053147521927,-0.04901521204295211,-0.7402946784877997
0.29717768344768314,-0.05107677507709022,-0.7401925744296631
0.2987500521431735,-0.053149163465192606,-0.7400835844550063
0.3003224208386639,-0.055232352091104116,-0.7399676104986805
0.3018947895341543,-0.057326315100454966,-0.7398445541367913
0.30346715822964465,-0.05943102589187139,-0.7397143165925952
0.30503952692513503,-0.06154645710817026,-0.7395767987425135
0.3066118956206254,-0.0636725806275381,-0.7394319011222779
0.30818426431611584,-0.06580936755473038,-0.7392795239331945
0.3097566330116062,-0.06795678821225364,-0.7391195670485387
0.3113290017070966,-0.0701148121315514,-0.7389519300200739
0.312901370402587,-0.07228340804419453,-0.7387765120847006
0.31447373909807735,-0.07446254387307043,-0.738593212171237
0.31604610779356773,-0.07665218672358125,-0.7384019289073266
0.31761847648905817,-0.07885230287485911,-0.7382025606264891
0.31919084518454854,-0.08106285777095963,-0.7379950053752878
0.3207632138800389,-0.08328381601210619,-0.7377791609206491
0.3223355825755293,-0.08551514134591164,-0.7375549247573123
0.3239079512710197,-0.08775679665864397,-0.7373221941154124
0.32548031996651006,-0.0900087439664819,-0.7370808659682105
0.32705268866200043,-0.09227094440680406,-0.7368308370399576
0.32862505735749087,-0.09454335822949675,-0.7365720038139042
0.33019742605298125,-0.0968259447882857,-0.7363042625404504
0.3317697947484716,-0.09911866253207932,-0.7360275092454402
0.333342163443962,-0.10142146899635734,-0.7357416397386016
0.3349145321394524,-0.10373432079457089,-0.7354465496221289
0.33648690083494276,-0.10605717360958752,-0.7351421342994215
0.3380592695304332,-0.10838998218515712,-0.7348282889839606
0.33963163822592357,-0.11073270031742397,-0.7345049087083391
0.34120400692141395,-0.11308528084646516,-0.7341718883334455
0.3427763756169043,-0.11544767564787793,-0.7338291225577942
0.3443487443123947,-0.11781983562440969,-0.7334765059270104
0.3459211130078851,-0.12020171069761638,-0.7331139328434716
0.3474934817033755,-0.12259324979959643,-0.7327412975760957
0.3490658503988659,-0.12499440086474799,-0.7323584942702914
0.3506382190943563,-0.1274051108215872,-0.7319654169580659
0.35221058778984665,-0.12982532558463292,-0.7315619595682801
0.35378295648533703,-0.13225499004632763,-0.7311480159370738
0.3553553251808274,-0.13469404806903784,-0.7307234798184422
0.3569276938763178,-0.1371424424770981,-0.7302882448949737
0.3585000625718082,-0.1396001150489427,-0.7298422047887487
0.3600724312672986,-0.14206700650928297,-0.7293852530723994
0.361644799962789,-0.14454305652137,-0.7289172832803328
0.36321716865827935,-0.14702820367933245,-0.7284381889201094
0.36478953735376973,-0.14952238550057492,-0.7279478634839963
0.3663619060492601,-0.1520255384182777,-0.7274462004606738
0.36793427474475054,-0.15453759777395928,-0.7269330933471108
0.3695066434402409,-0.15705849781014128,-0.7264084356606039
0.3710790121357313,-0.15958817166308606,-0.7258721209509827
0.3726513808312217,-0.162126551355641,-0.7253240428129764
0.37422374952671206,-0.1646735677901672,-0.7247640948987537
0.37579611822220244,-0.16722915074157182,-0.724192170930621
0.37736848691769287,-0.16979322885043402,-0.7236081647138912
0.37894085561318325,-0.17236572961624877,-0.72301197014992
0.3805132243086736,-0.1749465793907654,-0.7224034812493052
0.382085593004164,-0.17753570337144262,-0.7217825921452564
0.3836579616996544,-0.1801330255950194,-0.7211491971071311
0.38523033039514476,-0.1827384689311956,-0.7205031905541349
0.38680269909063514,-0.1853519550764481,-0.7198444670691906
0.38837506778612557,-0.18797340454795713,-0.7191729214129798
0.38994743648161595,-0.1906027366776674,-0.7184884485381389
0.39151980517710633,-0.19323986960648132,-0.7177909436036313
0.3930921738725967,-0.19588472027858467,-0.7170803019892861
0.3946645425680871,-0.1985372044359119,-0.7163564193104934
0.39623691126357746,-0.20119723661275102,-0.7156191914330756
0.3978092799590679,-0.20386473013050638,-0.71486851448832
0.3993816486545583,-0.2065395970925912,-0.7141042848881707
0.40095401735004865,-0.20922174837948834,-0.7133263993405956
0.40252638604553903,-0.21191109364396477,-0.7125347548651033
0.4040987547410294,-0.21460754130643905,-0.7117292488084341
0.4056711234365198,-0.2173109985505317,-0.7109097788604093
0.40724349213201017,-0.22002137131875674,-0.7100762430699317
0.4088158608275006,-0.22273856430841213,-0.7092285398611635
0.410388229522991,-0.2254624809676285,-0.7083665680498477
0.41196059821848136,-0.228193023491604,-0.7074902268597996
0.41353296691397173,-0.23093009281902124,-0.7065994159395426
0.4151053356094621,-0.23367358862865548,-0.7056940353791096
0.4166777043049525,-0.23642340933616668,-0.7047739857269929
0.4182500730004429,-0.23917945209109456,-0.7038391680072501
0.4198224416959333,-0.24194161277404772,-0.7028894837367562
0.4213948103914237,-0.2447097859940975,-0.7019248349426138
0.42296717908691406,-0.24748386508638356,-0.7009451241797013
0.42453954778240444,-0.25026374210991914,-0.6999502545483738
0.4261119164778948,-0.25304930784562507,-0.6989401297123078
0.4276842851733852,-0.25584045179457077,-0.6979146539164861
0.4292566538688756,-0.2586370621764491,-0.6968737320053248
0.430829022564366,-0.2614390259282682,-0.6958172694409389
0.4324013912598564,-0.26424622870328435,-0.6947451723215412
0.43397375995534676,-0.2670585548701602,-0.6936573473999825
0.43554612865083714,-0.26987588751236713,-0.6925537021024116
0.4371184973463275,-0.2726981084278313,-0.6914341445470781
0.43869086604181795,-0.2755250981288266,-0.6902985835632494
0.44026323473730833,-0.27835673584211507,-0.6891469287102604
0.4418356034327987,-0.28119289950934495,-0.6879790902966821
0.4434079721282891,-0.2840334657877074,-0.6867949793996048
0.44498034082377946,-0.28687831005085707,-0.6855945078840388
0.44655270951926984,-0.2897273063900998,-0.6843775884224339
0.4481250782147603,-0.2925803276158401,-0.6831441345142978
0.44969744691025065,-0.2954372452593251,-0.6818940605059262
0.45126981560574103,-0.29829792957464724,-0.6806272816102359
0.4528421843012314,-0.3011622495410352,-0.679343713926697
0.4544145529967218,-0.30403007286543826,-0.6780432744613553
0.45598692169221217,-0.30690126598538453,-0.6767258811469578
0.45755929038770254,-0.3097756940721536,-0.6753914528631549
0.459131659083193,-0.312653221034228,-0.6740399094567942
0.46070402777868336,-0.31553370952105164,-0.6726711717622951
0.46227639647417373,-0.3184170209270977,-0.671285161622095
0.4638487651696641,-0.32130301539624334,-0.6698818019071712
0.4654211338651545,-0.3241915518264479,-0.6684610165376339
0.46699350256064487,-0.3270824878747575,-0.6670227305033736
0.4685658712561353,-0.32997567996261873,-0.6655668698847792
0.4701382399516257,-0.3328709832815233,-0.6640933618735031
0.47171060864711606,-0.3357682517989733,-0.6626021347932787
0.47328297734260644,-0.3386673382647699,-0.6610931181207809
0.4748553460380968,-0.34156809421764783,-0.659566242506536
0.4764277147335872,-0.3444703699922342,-0.658021439795853
0.4780000834290776,-0.3473740147263489,-0.6564586430497943
0.479572452124568,-0.3502788763686394,-0.6548777865661738
0.4811448208200584,-0.35318480168658,-0.6532788059005641
0.48271718951554876,-0.3560916362747869,-0.6516616378873322
0.48428955821103914,-0.3589992245637206,-0.650026220660669
0.4858619269065295,-0.36190740982870273,-0.6483724936756343
0.4874342956020199,-0.36481603419931746,-0.6467003977291956
0.48900666429751033,-0.36772493866915806,-0.6450098749812593
0.4905790329930007,-0.37063396310593416,-0.6433008689756785
0.4921514016884911,-0.37354294626194257,-0.6415733246612596
0.49372377038398146,-0.3764517257849075,-0.6398271884127262
0.49529613907947184,-0.37936013822918085,-0.6380624080516583
0.4968685077749622,-0.38226801906731517,-0.6362789328673915
0.49844087647045265,-0.38517520270200717,-0.6344767136378718
0.500013245165943,-0.3880815224784241,-0.6326557026504552
0.5015856138614334,-0.39098681069687885,-0.6308158537226582
0.5031579825569238,-0.3938908986259141,-0.6289571222228332
0.5047303512524142,-0.39679361651574296,-0.6270794650907794
0.5063027199479045,-0.39969479361207183,-0.625182840858275
0.5078750886433949,-0.40259425817031697,-0.6232672096695203
0.5094474573388853,-0.40549183747018175,-0.6213325333014948
0.5110198260343757,-0.4083873578306373,-0.6193787751842099
0.5125921947298661,-0.4112806446252753,-0.6174059004208599
0.5141645634253565,-0.4141715222980483,-0.6154138758078557
0.5157369321208469,-0.417059814379393,-0.6134026698547447
0.5173093008163373,-0.4199453435027469,-0.6113722528039905
0.5188816695118277,-0.42282793142144454,-0.6093225966506294
0.5204540382073181,-0.42570739902599614,-0.6072536751617832
0.5220264069028084,-0.42858356636176803,-0.6051654638960093
0.5235987755982988,-0.43145625264702975,-0.6030579402225101
0.5251711442937892,-0.4343252762914018,-0.6009310833401662
0.5267435129892796,-0.4371904549146861,-0.5987848742963955
0.52831588168477,-0.44005160536607646,-0.5966192960058367
0.5298882503802603,-0.4429085437437611,-0.5944343332688464
0.5314606190757507,-0.44576108541489534,-0.5922299727897907
0.5330329877712411,-0.4486090450359839,-0.5900062031951346
0.5346053564667316,-0.45145223657360656,-0.5877630150513302
0.536177725162222,-0.45429047332556294,-0.5855004008824645
0.5377500938577123,-0.4571235679423625,-0.5832183551877023
0.5393224625532027,-0.4599513324491158,-0.5809168744584715
0.5408948312486931,-0.46277357826778753,-0.5785959571954195
0.5424671999441835,-0.4655901162398288,-0.5762556039251042
0.5440395686396738,-0.4684007566491711,-0.5738958172164423
0.5456119373351642,-0.4712053092456005,-0.5715166016968712
0.5471843060306546,-0.47400358326849185,-0.5691179640682392
0.548756674726145,-0.4767953874709007,-0.5666999131224251
0.5503290434216354,-0.47958053014402396,-0.5642624597566421
0.5519014121171257,-0.48235881914201423,-0.5618056169884593
0.5534737808126162,-0.48513006190714825,-0.5593293999705029
0.5550461495081066,-0.48789406549533115,-0.5568338260048584
0.556618518203597,-0.49065063660198094,-0.5543189145571163
0.5581908868990874,-0.49339958158821723,-0.5517846872701185
0.5597632555945777,-0.4961407065074088,-0.5492311679773446
0.5613356242900681,-0.4988738171320559,-0.5466583827159538
0.5629079929855585,-0.5015987189809894,-0.5440663597394744
0.5644803616810489,-0.5043152173469133,-0.5414551295301172
0.5660527303765392,-0.507023117324245,-0.5388247248107375
0.5676250990720296,-0.509722223837284,-0.5361751805563965
0.56919746776752,-0.5124123416687001,-0.5335065340055388
0.5707698364630104,-0.5150932754882944,-0.53081882467079
0.5723422051585008,-0.5177648298820915,-0.5281120943493368
0.5739145738539913,-0.5204268093817069,-0.5253863871328924
0.5754869425494816,-0.5230790184940036,-0.5226417494172653
0.577059311244972,-0.5257212617310347,-0.5198782299114793
0.5786316799404624,-0.5283533436402498,-0.5170958796464799
0.5802040486359528,-0.5309750688349795,-0.5142947519833886
0.5817764173314431,-0.5335862420251752,-0.511474902621315
0.5833487860269335,-0.5361866680484028,-0.5086363896047229
0.5849211547224239,-0.5387761519010834,-0.5057792733303219
0.5864935234179143,-0.5413544987699729,-0.5029036165535044
0.5880658921134047,-0.5439215140638739,-0.5000094843943035
0.589638260808895,-0.546477003445574,-0.4970969443428691
0.5912106295043854,-0.549020772863995,-0.49416606626446224
0.5927829981998758,-0.5515526285865491,-0.49121692240396214
0.5943553668953663,-0.5540723772317072,-0.48824958738985136
0.5959277355908567,-0.5565798258017413,-0.48526413823773124
0.597500104286347,-0.5590747817156642,-0.48226065435329335
0.5990724729818374,-0.5615570528423336,-0.4792392175348001
0.6006448416773278,-0.5640264475337252,-0.47619991197503075
0.6022172103728182,-0.566482774658361,-0.47314282426270515
0.6037895790683085,-0.5689258436348906,-0.4700680433833713
0.6053619477637989,-0.5713554644657941,-0.46697566071976493
0.6069343164592893,-0.5737714477712312,-0.46386577005161966
0.6085066851547797,-0.5761736048229973,-0.46073846755493014
0.6100790538502701,-0.5785617475785891,-0.4575938518006794
0.6116514225457604,-0.5809356887153742,-0.45443202375298664
0.6132237912412508,-0.5832952416648374,-0.451253086766723
0.6147961599367413,-0.5856402206469227,-0.4480571465845415
0.6163685286322317,-0.587970440704424,-0.44484431133335917
0.6179408973277221,-0.5902857177374439,-0.4416146915202587
0.6195132660232124,-0.5925858685378994,-0.438368400027823
0.6210856347187028,-0.5948707108240552,-0.43510555210888846
0.6226580034141932,-0.5971400632750915,-0.43182626538072727
0.6242303721096836,-0.5993937455656776,-0.4285306598186428
0.625802740805174,-0.6016315784005539,-0.42521885774898743
0.6273751095006643,-0.6038533835491011,-0.4218909838415908
0.6289474781961547,-0.6060589838798962,-0.41854716510160206
0.6305198468916451,-0.6082482033952303,-0.41518753086074084
0.6320922155871355,-0.6104208672655869,-0.41181221276797136
0.6336645842826258,-0.6125768018640685,-0.4084213447795675
0.6352369529781163,-0.6147158348007585,-0.40501506314859553
0.6368093216736067,-0.6168377949569954,-0.40159350641381436
0.6383816903690971,-0.6189425125195804,-0.39815681538795245
0.6399540590645875,-0.6210298190148577,-0.39470513314543487
0.6415264277600778,-0.6230995473427016,-0.39123860500948365
0.6430987964555682,-0.6251515318103791,-0.3877573785386342
0.6446711651510586,-0.627185608166264,-0.3842616035126788
0.646243533846549,-0.6292016136334162,-0.38075143191799427
0.6478159025420394,-0.6311993869429967,-0.37722701793229113
0.6493882712375297,-0.6331787683675111,-0.3736885179087848
0.6509606399330201,-0.635139599753871,-0.37013609035976464
0.6525330086285105,-0.6370817245562583,-0.3665698959395924
0.6541053773240009,-0.6390049878687865,-0.36299009742711363
0.6556777460194914,-0.6409092364579417,-0.359396859707489
0.6572501147149817,-0.6427943187947911,-0.35579034975345214
0.6588224834104721,-0.6446600850869496,-0.35217073660599885
0.6603948521059625,-0.6465063873102982,-0.3485381913544999
0.6619672208014529,-0.6483330792404298,-0.34489288711625077
0.6635395894969432,-0.6501400164838183,-0.34123499901546783
0.6651119581924336,-0.6519270565087025,-0.33756470416170836
0.666684326887924,-0.6536940586756661,-0.3338821816277652
0.6682566955834144,-0.6554408842679114,-0.330187612426983
0.6698290642789048,-0.6571673965211984,-0.3264811794900579
0.6714014329743951,-0.6588734606534643,-0.322763067641285
0.6729738016698855,-0.6605589438940843,-0.31903346357427803
0.674546170365376,-0.6622237155127815,-0.3152925558271566
0.6761185390608664,-0.66386764684817,-0.3115405347572324
0.6776909077563568,-0.6654906113359192,-0.30777759251515396
0.6792632764518471,-0.6670924845365184,-0.3040039230185721
0.6808356451473375,-0.668673144162666,-0.30021972192528307
0.6824080138428279,-0.6702324701062131,-0.2964251866058939
0.6839803825383183,-0.6717703444647235,-0.2926205161159928
0.6855527512338087,-0.6732866515675708,-0.2888059111678486
0.687125119929299,-0.6747812780016192,-0.2849815741016347
0.6886974886247894,-0.676254112636434,-0.2811477088561968
0.6902698573202798,-0.6777050466490475,-0.27730452093935865
0.6918422260157702,-0.6791339735482416,-0.2734522173977951
0.6934145947112605,-0.680540789198361,-0.2695910067864524
0.694986963406751,-0.6819253918426342,-0.26572109913756015
0.6965593321022414,-0.6832876821259897,-0.26184270592921804
0.6981317007977318,-0.6846275631173848,-0.25795604005355277
0.6997040694932222,-0.6859449403315966,-0.25406131578452984
0.7012764381887125,-0.6872397217505055,-0.2501587487453119
0.7028488068842029,-0.688511817843842,-0.24624855587528696
0.7044211755796933,-0.6897611415893984,-0.24233095539670366
0.7059935442751837,-0.690987608492683,-0.23840616678096127
0.7075659129706741,-0.6921911366060357,-0.2344744107145465
0.7091382816661644,-0.6933716465471671,-0.23053590906462765
0.7107106503616548,-0.69452906151714,-0.22659088484433945
0.7122830190571452,-0.6956633073177683,-0.22263956217774317
0.7138553877526356,-0.696774312368442,-0.2186821662644765
0.7154277564481261,-0.6978620077223551,-0.21471892334413628
0.7170001251436164,-0.6989263270821465,-0.21075006066035498
0.7185724938391068,-0.6999672068149397,-0.2067758064246233
0.7201448625345972,-0.700984585966778,-0.20279638977985875
0.7217172312300876,-0.7019784062764478,-0.19881204076371647
0.723289599925578,-0.7029486121886875,-0.19482299027168778
0.7248619686210683,-0.7038951508667798,-0.19082947001996306
0.7264343373165587,-0.7048179722045163,-0.18683171250809363
0.7280067060120491,-0.7057170288375374,-0.18282995098145785
0.7295790747075395,-0.7065922761540343,-0.17882441939355187
0.7311514434030298,-0.7074436723048307,-0.17481535236809753
0.7327238120985202,-0.7082711782128084,-0.17080298516099682
0.7342961807940106,-0.7090747575816972,-0.16678755362216682
0.7358685494895011,-0.7098543769042347,-0.1627692941571972
0.7374409181849915,-0.7106100054696576,-0.15874844368893426
0.7390132868804818,-0.711341615370564,-0.15472523961893256
0.7405856555759722,-0.7120491815091151,-0.1506999197888179
0.7421580242714626,-0.7127326816025897,-0.14667272244158902
0.743730392966953,-0.7133920961882879,-0.14264388618282867
0.7453027616624434,-0.7140274086277755,-0.13861364994187897
0.7468751303579337,-0.7146386051104848,-0.13458225293296136
0.7484474990534241,-0.7152256746566531,-0.130549934616291
0.7500198677489145,-0.7157886091196107,-0.12651693465915564
0.7515922364444049,-0.7163274031874167,-0.12248349289700294
0.7531646051398952,-0.7168420543838421,-0.11844984929454666
0.7547369738353857,-0.717332563068697,-0.1144162439068844
0.7563093425308761,-0.7177989324375165,-0.11038291684065685
0.7578817112263665,-0.7182411685205871,-0.10635010821527648
0.7594540799218569,-0.7186592801813366,-0.10231805812418315
0.7610264486173473,-0.7190532791140708,-0.09828700659621409
0.7625988173128376,-0.7194231798410717,-0.0942571935570443
0.764171186008328,-0.7197689997090589,-0.09022885879071887
0.7657435547038184,-0.7200907588850122,-0.08620224190133678
0.7673159233993088,-0.7203884803513524,-0.08217758227481423
0.7688882920947991,-0.720662189900514,-0.07815511904082094
0.7704606607902895,-0.7209119161288652,-0.07413509103485613
0.7720330294857799,-0.721137690430032,-0.07011773676049772
0.7736053981812703,-0.7213395469875818,-0.06610329435180591
0.7751777668767608,-0.7215175227671154,-0.062092001535937955
0.7767501355722511,-0.7216716575077348,-0.05808409559595172
0.7783225042677415,-0.7218019937129178,-0.05407981333382244
0.7798948729632319,-0.7219085766407931,-0.050079391033678755
0.7814672416587223,-0.7219914542938226,-0.04608306442528006
0.7830396103542127,-0.7220506774078997,-0.04209106864773247
0.784611979049703,-0.7220862994408711,-0.03810363821346421
0.7861843477451934,-0.7220983765604776,-0.03412100697247224
0.7877567164406838,-0.7220869676317373,-0.03014340807683401
0.7893290851361742,-0.7220521342037641,-0.02617107394552513
0.7909014538316645,-0.7219939404960367,-0.022204236229524797
0.7924738225271549,-0.7219124533841228,-0.018243125777234095
0.7940461912226453,-0.721807742384857,-0.014287972600204608
0.7956185599181358,-0.7216798796410077,-0.01033900583921534
0.7971909286136262,-0.7215289399054001,-0.006396453730667022
0.7987632973091165,-0.7213550005245427,-0.0024605435733372257
0.8003356660046069,-0.7211581414217376,0.0014684983045106746
0.8019080347000973,-0.7209384450796986,0.005390446577657166
0.8034804033955877,-0.7206959965226785,0.009305076956075563
0.8050527720910781,-0.7204308832981198,0.013212166216698365
0.8066251407865684,-0.7201431954578317,0.017111492234799824
0.8081975094820588,-0.7198330255387055,0.02100283401496885
0.8097698781775492,-0.7195004685429819,0.024885971721682217
0.8113422468730396,-0.7191456219180652,0.028760686709455842
0.81291461556853,-0.7187685855359225,0.03262676155258663
0.8144869842640203,-0.7183694616720365,0.0364839800744496
0.8160593529595108,-0.7179483549839618,0.040332127376367974
0.8176317216550012,-0.7175053724894712,0.04417098986603777
0.8192040903504916,-0.7170406235443066,0.04800035528551086
0.820776459045982,-0.7165542198195488,0.05182001273870857
0.8223488277414723,-0.7160462752786108,0.05562975271848957
0.8239211964369627,-0.7155169061538722,0.05942936713323614
0.8254935651324531,-0.7149662309229573,0.0632186493329814
0.8270659338279435,-0.7143943702846716,0.06699739413505376
0.8286383025234338,-0.7138014471346062,0.07076539784924038
0.8302106712189242,-0.7131875865404258,0.07452245830246083
0.8317830399144146,-0.7125529157168363,0.07826837486295748
0.833355408609905,-0.7118975640002604,0.08200294846398327
0.8349277773053954,-0.7112216628232259,0.08572598162699487
0.8365001460008858,-0.7105253456884653,0.08943727848434277
0.8380725146963762,-0.7098087481427617,0.09313664480145582
0.8396448833918666,-0.7090720077505275,0.09682388799851732
0.841217252087357,-0.7083152640671406,0.10049881717162627
0.8427896207828474,-0.7075386586120497,0.10416124311345214
0.8443619894783377,-0.7067423348416483,0.1078109783333675
0.8459343581738281,-0.7059264381219436,0.11144783707705959
0.8475067268693185,-0.7050911157010183,0.11507163534562956
0.8490790955648089,-0.7042365166813022,0.11868219091416976
0.8506514642602993,-0.7033627919916607,0.12227932334980585
0.8522238329557896,-0.7024700943593254,0.1258628540292264
0.85379620165128,-0.7015585782816429,0.12943260615569152
0.8553685703467704,-0.7006283999977043,0.1329884047754993
0.8569409390422609,-0.6996797174598122,0.1365300767939397
0.8585133077377513,-0.6987126903048352,0.14005745099072603
0.8600856764332416,-0.6977274798254416,0.1435703580348811
0.861658045128732,-0.6967242489412286,0.1470686304991228
0.8632304138242224,-0.6957031621697557,0.1505521028737049
0.8648027825197128,-0.694664385597494,0.1540206115797446
0.8663751512152031,-0.6936080868506983,0.1574739949820243
0.8679475199106935,-0.6925344350662188,0.1609120934012731
0.8695198886061839,-0.6914436008622573,0.16433474912592055
0.8710922573016743,-0.6903357563090761,0.16774180642334957
0.8726646259971647,-0.6892110748996824,0.17113311155060523
0.874236994692655,-0.688069731520471,0.17450851276462503
0.8758093633881455,-0.686911902421875,0.17786786033191437
0.8773817320836359,-0.6857377651889928,0.18121100653774944
0.8789541007791263,-0.6845474987122278,0.1845378056948581
0.8805264694746167,-0.6833412831579395,0.18784811415158995
0.882098838170107,-0.6821192999391273,0.19114179029959374
0.8836712068655974,-0.6808817316861314,0.19441869458100125
0.8852435755610878,-0.679628762217384,0.19767868949510362
0.8868159442565782,-0.6783605765102144,0.2009216396045452
0.8883883129520685,-0.6770773606717078,0.20414741154102897
0.8899606816475589,-0.6757793019096281,0.20735587401054376
0.8915330503430493,-0.6744665885034289,0.21054689779809777
0.8931054190385397,-0.6731394097753364,0.2137203557719975
0.8946777877340301,-0.6717979560615399,0.2168761228876317
0.8962501564295206,-0.6704424186834654,0.2200140761908153
0.8978225251250109,-0.6690729899191714,0.22313409482065283
0.8993948938205013,-0.6676898629748579,0.2262360600119563
0.9009672625159917,-0.6662932319564966,0.22931985509720038
0.9025396312114821,-0.6648832918415976,0.2323853655080434
0.9041119999069724,-0.663460238451109,0.2354324787764014
0.9056843686024628,-0.6620242684214701,0.23846108453508147
0.9072567372979532,-0.6605755791768064,0.24147107451799607
0.9088291059934436,-0.6591143689012979,0.24446234255993635
0.910401474688934,-0.6576408365117021,0.2474347845959434
0.9119738433844243,-0.6561551816300563,0.250388298660251
0.9135462120799147,-0.6546576045565555,0.2533227848848295
0.9151185807754051,-0.6531483062426177,0.2562381454975241
0.9166909494708956,-0.6516274882641374,0.25913428481979583
0.918263318166386,-0.650095352794941,0.26201110926407406
0.9198356868618763,-0.6485521025804354,0.2648685273307304
0.9214080555573667,-0.6469979409114744,0.26770644960466156
0.9229804242528571,-0.6454330715984319,0.2705247887515138
0.9245527929483475,-0.6438576989454937,0.2733234595135367
0.9261251616438378,-0.6422720277251737,0.27610237870507776
0.9276975303393282,-0.6406762631530567,0.2788614652077242
0.9292698990348186,-0.6390706108627755,0.2816006399651058
0.930842267730309,-0.6374552768812173,0.2843198259773441
0.9324146364257994,-0.6358304676039825,0.2870189482951877
0.9339870051212897,-0.6341963897710748,0.28969793401380334
0.9355593738167801,-0.6325532504428517,0.29235671226626103
0.9371317425122706,-0.6309012569762183,0.29499521421669667
0.938704111207761,-0.6292406170010826,0.297613373053175
0.9402764799032514,-0.6275715383970667,0.30021112398024996
0.9418488485987417,-0.6258942292704803,0.3027884042112306
0.9434212172942321,-0.6242088979315611,0.3053451529601672
0.9449935859897225,-0.6225157528719777,0.30788131143355135
0.9465659546852129,-0.6208150027426138,0.3103968228217424
0.9481383233807033,-0.6191068563316159,0.31289163229013517
0.9497106920761936,-0.6173915225427153,0.31536568697006473
0.951283060771684,-0.6156692103738398,0.3178189359494506
0.9528554294671744,-0.6139401288959895,0.3202513302632125
0.9544277981626648,-0.6122044872324055,0.3226628228834281
0.9560001668581553,-0.6104624945380175,0.325053368709267
0.9575725355536456,-0.6087143599791756,0.32742292455669936
0.959144904249136,-0.6069602927136668,0.3297714491479848
0.9607172729446264,-0.6052005018710239,0.3320989031009418
0.9622896416401168,-0.6034351965331186,0.3344052489180161
0.9638620103356071,-0.6016645857150453,0.3366904509751499
0.9654343790310975,-0.5998888783462897,0.33895447551045366
0.9670067477265879,-0.5981082832522048,0.34119729061268805
0.9685791164220783,-0.5963230091357492,0.34341886620957596
0.9701514851175687,-0.5945332645595511,0.34561917405592646
0.971723853813059,-0.5927392579282375,0.34779818772159493
0.9732962225085494,-0.5909411974710687,0.3499558825792828
0.9748685912040398,-0.5891392912248572,0.3520922357921845
0.9764409598995303,-0.5873337470171884,0.3542072263014678
0.9780133285950207,-0.5855247724499203,0.3563008348136305
0.979585697290511,-0.5837125748829863,0.3583730437877025
0.9811580659860014,-0.58189736141848,0.36042383742232204
0.9827304346814918,-0.5800793388850344,0.36245320164268546
0.9843028033769822,-0.578258713822487,0.3644611240873727
0.9858751720724725,-0.5764356924668362,0.36644759409505856
0.9874475407679629,-0.5746104807354845,0.3684126026911119
0.9890199094634533,-0.5727832842127649,0.37035614257409255
0.9905922781589437,-0.5709543081357545,0.372278208102148
0.9921646468544341,-0.5691237573803789,0.3741787952793116
0.9937370155499244,-0.5672918364477818,0.37605790174171905
0.9953093842454148,-0.5654587494509927,0.3779155267437338
0.9968817529409053,-0.563624700101862,0.3797516711440016
0.9984541216363957,-0.5617898916982842,0.38156633739141893
1.000026490331886,-0.5599545271116826,0.3833595295110442
1.0015988590273763,-0.5581188087747881,0.3851312530899357
1.0031712277228668,-0.5562829386696646,0.3868815152629385
1.004743596418357,-0.5544471183160303,0.3886103246984045
1.0063159651138476,-0.5526115487598267,0.39031769158387036
1.007888333809338,-0.5507764305620669,0.39200362761168644
1.0094607025048283,-0.5489419637879351,0.39366814596460287
1.0110330712003188,-0.5471083479961586,0.39531126130131644
1.012605439895809,-0.5452757822286379,0.3969329897419812
1.0141778085912996,-0.5434444650003182,0.3985333488536991
1.0157501772867898,-0.5416145942893363,0.4001123576359694
1.0173225459822803,-0.5397863675274012,0.4016700365061272
1.0188949146777706,-0.5379599815904347,0.4032064072847577
1.020467283373261,-0.5361356327894525,0.40472149318109113
1.0220396520687514,-0.5343135168616914,0.40621531877839595
1.0236120207642418,-0.5324938289619692,0.40768791001935284
1.0251843894597321,-0.530676763654301,0.40913929419142875
1.0267567581552226,-0.5288625149037232,0.41056949991225056
1.028329126850713,-0.527051276068379,0.4119785571149651
1.0299014955462034,-0.5252432398918084,0.41336649703362466
1.0314738642416938,-0.5234385984954787,0.4147333521885611
1.0330462329371841,-0.5216375433715341,0.41607915637177434
1.0346186016326746,-0.5198402653757657,0.417403944632334
1.0361909703281649,-0.5180469547207961,0.4187077532617925
1.0377633390236554,-0.5162578009694831,0.41999061977961694
1.0393357077191456,-0.51447299302853,0.4212525829186353
1.0409080764146361,-0.5126927191423093,0.42249368261050585
1.0424804451101264,-0.5109171668868806,0.42371395997121275
1.0440528138056169,-0.5091465231642242,0.424913457286579
1.0456251825011071,-0.5073809741966597,0.42609221799781244
1.0471975511965976,-0.505620705521475,0.42725028668707227
1.0487699198920881,-0.5038659019857302,0.4283877090630761
1.0503422885875784,-0.5021167477412632,0.4295045319467299
1.0519146572830689,-0.5003734262398806,0.4306008032567948
1.0534870259785591,-0.4986361202287237,0.431676571995584
1.0550593946740496,-0.4969050117458176,0.4327318882346998
1.05663176336954,-0.49518028211580617,0.4337668031008092
1.0582041320650304,-0.49346211194584444,0.434781368761444
1.0597765007605207,-0.49175068112166637,0.43577563841086164
1.0613488694560111,-0.4900461688038368,0.4367496662559179
1.0629212381515014,-0.48834875342413586,0.4377035075020058
1.064493606846992,-0.4866586126821328,0.4386372183390192
1.0660659755424822,-0.4849759235418969,0.4395508559273633
1.0676383442379727,-0.4833008622288865,0.4404444783840054
1.0692107129334631,-0.481633604226955,0.4413181447685709
1.0707830816289534,-0.4799743242755514,0.44217191506947434
1.072355450324444,-0.4783231963670164,0.4430058501901072
1.0739278190199342,-0.47668039374406834,0.4438200119350488
1.0755001877154247,-0.4750460888973867,0.4446144629963414
1.077072556410915,-0.4734204535633704,0.44538926693979
1.0786449251064054,-0.4718036587220003,0.4461444881913142
1.0802172938018957,-0.4701958745948527,0.4468801920233449
1.0817896624973862,-0.4685972706432292,0.44759644454125186
1.0833620311928764,-0.46700801556641597,0.4482933126698239
1.084934399888367,-0.4654282773000713,0.4489708641397864
1.0865067685838572,-0.4638582230147265,0.4496291674743569
1.0880791372793477,-0.4622980191144022,0.45026829197584695
1.0896515059748382,-0.46074783123534735,0.45088830771229343
1.0912238746703284,-0.4592078242448914,0.4514892855041408
1.092796243365819,-0.4576781622403878,0.4520712969109499
1.0943686120613092,-0.45615900854829716,0.4526344142181504
1.0959409807567997,-0.4546505257233409,0.4531787104238246
1.09751334945229,-0.45315287554778033,0.45370425922553287
1.0990857181477804,-0.45166621903079346,0.4542111350071603
1.1006580868432707,-0.45019071640793046,0.4546994128258096
1.1022304555387612,-0.4487265271406917,0.45516916839871696
1.1038028242342515,-0.44727380991618737,0.45562047809019457
1.105375192929742,-0.44583272264686813,0.4560534188986167
1.1069475616252324,-0.4444034224703914,0.4564680684434099
1.1085199303207227,-0.44298606574952576,0.4568645049520908
1.1100922990162132,-0.44158080807217204,0.4572428072473126
1.1116646677117035,-0.44018780425145226,0.45760305473394125
1.113237036407194,-0.43880720832588505,0.45794532738614885
1.1148094051026842,-0.43743917355964423,0.4582697057345284
1.1163817737981747,-0.4360838524428854,0.45857627085322333
1.117954142493665,-0.434741396692152,0.4588651043470735
1.1195265111891555,-0.43341195725086457,0.45913628833877557
1.1210988798846457,-0.4320956842898638,0.4593899054560514
1.1226712485801362,-0.43079272720804884,0.4596260388188304
1.1242436172756265,-0.4295032346330578,0.459844772026434
1.125815985971117,-0.4282273544220356,0.4600461891447752
1.1273883546666075,-0.42696523366247036,0.46023037469354494
1.1289607233620977,-0.42571701867307365,0.4603974136334201
1.1305330920575882,-0.4244828550047459,0.46054739135325456
1.1321054607530785,-0.42326288744159873,0.46068039365727387
1.133677829448569,-0.4220572600020315,0.4607965067522641
1.1352501981440593,-0.42086611593988293,0.46089581723475354
1.1368225668395497,-0.4196895977456208,0.4609784120781815
1.13839493553504,-0.41852784714761215,0.4610443786200607
1.1399673042305305,-0.4173810051134352,0.46109380454911714
1.1415396729260208,-0.4162492118512601,0.4611267778924213
1.1431120416215113,-0.41513260681127395,0.46114338700249613
1.1446844103170015,-0.41403132868716896,0.46114372054439984
1.146256779012492,-0.412945515417674,0.4611278674827929
1.1478291477079825,-0.4118753041881609,0.46109591706897257
1.1494015164034728,-0.4108208314322779,0.46104795882787714
1.1509738850989633,-0.40978223283365384,0.4609840825450651
1.1525462537944535,-0.40875964332764797,0.46090437825365443
1.154118622489944,-0.4077531971031486,0.46080893622122576
1.1556909911854343,-0.40676302760442445,0.4606978469366912
1.1572633598809248,-0.405789267533034,0.46057120109711736
1.158835728576415,-0.40483204884976975,0.4604290895945029
1.1604080972719055,-0.40389150277666797,0.460271603502514
1.1619804659673958,-0.40296775979905786,0.46009883406316715
1.1635528346628863,-0.402060949667663,0.45991087267346137
1.1651252033583765,-0.40117120140075563,0.45970781087195384
1.166697572053867,-0.4002986432863548,0.4594897403252826
1.1682699407493575,-0.39944340288447894,0.45925675281462724
1.1698423094448478,-0.39860560702944486,0.4590089402221031
1.1714146781403383,-0.3977853818322132,0.4587463945170988
1.1729870468358286,-0.3969828526827891,0.4584692077425418
1.174559415531319,-0.396198144252667,0.4581774720010913
1.1761317842268093,-0.39543138049733334,0.4578712794412662
1.1777041529222998,-0.39468268465880196,0.45755072224348836
1.17927652161779,-0.3939521792682187,0.45721589260605844
1.1808488903132806,-0.39323998614850536,0.45686688273103915
1.1824212590087708,-0.39254622641705555,0.4565037848100675
1.1839936277042613,-0.39187102048847955,0.4561266910100752
1.1855659963997516,-0.3912144880774026,0.45573569345892095
1.187138365095242,-0.39057674820131777,0.4553308842309337
1.1887107337907326,-0.3899579191834782,0.45491235533236185
1.1902831024862228,-0.38935811865585424,0.4544801986867302
1.1918554711817133,-0.3887774635621401,0.45403450612008955
1.1934278398772036,-0.3882160701607974,0.4535753693461793
1.195000208572694,-0.3876740540281812,0.4531028799514746
1.1965725772681843,-0.3871515300616907,0.4526171293801327
1.1981449459636748,-0.38664861248298654,0.4521182089188323
1.199717314659165,-0.3861654148412658,0.45160620968150184
1.2012896833546556,-0.38570205001658336,0.45108122259393196
1.2028620520501458,-0.3852586302232286,0.4505433383782755
1.2044344207456363,-0.3848352670131626,0.4499926475374275
1.2060067894411266,-0.38443207127951295,0.44942924033928866
1.207579158136617,-0.38404915326010847,0.44885320680089746
1.2091515268321076,-0.3836866225410917,0.44826463667245064
1.2107238955275978,-0.38334458806057076,0.4476636194211823
1.2122962642230883,-0.38302315811234394,0.44705024421512374
1.2138686329185786,-0.38272244034965985,0.4464245999067245
1.215441001614069,-0.3824425417890646,0.4457867750163424
1.2170133703095594,-0.38218356881427745,0.4451368577155959
1.2185857390050499,-0.38194562718014397,0.4444749358105781
1.2201581077005401,-0.3817288220166424,0.4438010967249262
1.2217304763960306,-0.3815332578329444,0.44311542748275423
1.2233028450915209,-0.38135903852153563,0.4424180146914307
1.2248752137870114,-0.3812062673624084,0.44170894452421844
1.2264475824825016,-0.381075047027287,0.44098830270275513
1.2280199511779921,-0.380965479583937,0.4402561744793857
1.2295923198734826,-0.38087766650052207,0.43951264461934086
1.2311646885689729,-0.38081170865001457,0.43875779738275866
1.2327370572644634,-0.3807677063146799,0.4379917165065394
1.2343094259599536,-0.3807457591906028,0.43721448518605616
1.2358817946554441,-0.38074596639227937,0.43642618605668
1.2374541633509344,-0.38076842645727615,0.4356269011751619
1.2390265320464249,-0.3808132373509217,0.4348167120008291
1.2405989007419151,-0.380880496471082,0.4339956993766222
1.2421712694374056,-0.38097030065297893,0.43316394350995474
1.243743638132896,-0.381082746174061,0.4323215239534061
1.2453160068283864,-0.3812179287589378,0.4314685195852279
1.2468883755238767,-0.3813759435843637,0.4306050085896816
1.2484607442193671,-0.38155688528428133,0.4297310684371888
1.2500331129148576,-0.38176084795490156,0.42884677586430736
1.251605481610348,-0.3819879251598538,0.42795220685350993
1.2531778503058384,-0.38223820993537344,0.4270474366127923
1.2547502190013287,-0.38251179479554737,0.42613253955507957
1.2563225876968191,-0.3828087717375921,0.42520758927744523
1.2578949563923094,-0.38312923224719625,0.4242726585401447
1.2594673250878,-0.3834732673038956,0.4233278192454427
1.2610396937832902,-0.38384096738649237,0.4223731424162499
1.2626120624787807,-0.38423242247851025,0.4214086981745586
1.264184431174271,-0.38464772207370335,0.4204345557196786
1.2657567998697614,-0.38508695518158137,0.41945078330626634
1.2673291685652517,-0.38555021033298353,0.41845744822215375
1.2689015372607422,-0.38603757558568286,0.41745461676596124
1.2704739059562327,-0.3865491385300021,0.41644235422450965
1.272046274651723,-0.3870849862944847,0.41542072485001336
1.2736186433472134,-0.38764520555156246,0.4143897918370617
1.2751910120427037,-0.3882298825232564,0.4133496172993845
1.2767633807381942,-0.38883910298689767,0.41230026224639515
1.2783357494336844,-0.3894729522808525,0.4112417865595209
1.279908118129175,-0.39013151531026075,0.4101742489682965
1.2814804868246652,-0.3908148765527825,0.40909770702624737
1.2830528555201557,-0.39152312006434514,0.4080122170865301
1.284625224215646,-0.39225632948489014,0.4069178342773578
1.2861975929111364,-0.3930145880441146,0.4058146124771799
1.2877699616066267,-0.3937979785671942,0.4047026042896332
1.2893423303021172,-0.3946065834805003,0.40358186101825505
1.2909146989976077,-0.39544048481729144,0.40245243264095576
1.292487067693098,-0.39629976422338387,0.4013143677842513
1.2940594363885884,-0.397184502962782,0.400167713697245
1.2956318050840787,-0.39809478192328274,0.39901251622537076
1.2972041737795692,-0.3990306816220294,0.3978488197838783
1.2987765424750595,-0.3999922822110229,0.3966766673310723
1.30034891117055,-0.4009796634825756,0.3954961003412936
1.3019212798660402,-0.4019929048747013,0.3943071587776423
1.3034936485615307,-0.40303208547644065,0.3931098810644415
1.305066017257021,-0.4040972840331094,0.39190430405944043
1.3066383859525115,-0.40518857895146754,0.3906904630257475
1.3082107546480017,-0.406306048304795,0.38946839160350133
1.3097831233434922,-0.4074497698378589,0.38823812178125994
1.3113554920389827,-0.4086198209718045,0.3869996838671306
1.312927860734473,-0.4098162788088937,0.38575310645961103
1.3145002294299635,-0.4110392201371489,0.3844984164181559
1.3160725981254537,-0.41228872143484874,0.3832356388334611
1.3176449668209442,-0.4135648588748915,0.3819647969974624
1.3192173355164345,-0.4148677083289967,0.38068591237304383
1.320789704211925,-0.4161973453717485,0.3793990045634581
1.3223620729074153,-0.41755384528447925,0.37810409128145
1.3239344416029057,-0.41893728305895184,0.37680118831808546
1.325506810298396,-0.4203477334008537,0.3754903095112781
1.3270791789938865,-0.4217852707331006,0.3741714667140128
1.328651547689377,-0.42324996919889873,0.3728446697622662
1.3302239163848673,-0.42474190266459844,0.3715099264426138
1.3317962850803577,-0.4262611447222995,0.3701672424595258
1.333368653775848,-0.4278077686921966,0.36881662140235233
1.3349410224713385,-0.42938184762466614,0.3674580647119829
1.3365133911668288,-0.4309834543020724,0.3660915716471929
1.3380857598623193,-0.43261266124026676,0.3647171392506551
1.3396581285578095,-0.434269540689792,0.3633347623146364
1.3412304972533,-0.43595416463675973,0.36194443334635634
1.3428028659487903,-0.437666604803371,0.3605461425330112
1.3443752346442808,-0.43940693264811537,0.3591398777064681
1.345947603339771,-0.44117521936555953,0.3577256243076188
1.3475199720352615,-0.442971535885784,0.35630336535038576
1.349092340730752,-0.44479595287338713,0.35487308138539114
1.3506647094262423,-0.44664854072608007,0.35343475046327394
1.3522370781217328,-0.4485293695728465,0.35198834809766094
1.353809446817223,-0.4504385092716251,0.35053384722778047
1.3553818155127135,-0.45237602940653576,0.3490712181807265
1.3569541842082038,-0.45434199928459107,0.3476004286333611
1.3585265529036943,-0.45633648793189374,0.3461214435738625
1.3600989215991846,-0.4583595640893119,0.34463422526290594
1.361671290294675,-0.4604112962075711,0.34313873319448324
1.3632436589901653,-0.46249175244178453,0.3416349240563606
1.3648160276856558,-0.46460100064536725,0.3401227516901617
1.366388396381146,-0.4667391083633408,0.33860216705108953
1.3679607650766366,-0.46890614282497073,0.3370731181672719
1.369533133772127,-0.47110217093574636,0.335535550098745
1.3711055024676173,-0.4733272592686541,0.33398940489605333
1.3726778711631078,-0.475581474054739,0.3324346215584792
1.374250239858598,-0.47786488117289977,0.3308711359919136
1.3758226085540886,-0.48017754613893704,0.32929888096632987
1.3773949772495788,-0.482519534093773,0.32771778607290486
1.3789673459450693,-0.48489090979086497,0.32612777768075185
1.3805397146405596,-0.4872917375827445,0.32452877889329385
1.38211208333605,-0.48972208140668894,0.32292070950425283
1.3836844520315403,-0.49218200476945423,0.3213034859532872
1.3852568207270308,-0.4946715707310917,0.3196770212812348
1.386829189422521,-0.49719084188776114,0.31804122508501903
1.3884015581180116,-0.4997398803535526,0.31639600347217367
1.389973926813502,-0.5023187477412696,0.31474125901500766
1.3915462955089923,-0.50492750514212,0.313076890704429
1.3931186642044828,-0.507566213104326,0.3114027939033991
1.394691032899973,-0.5102349316105715,0.30971886030004603
1.3962634015954636,-0.5129337200542851,0.30802497786044375
1.3978357702909538,-0.5156626372147063,0.30632103078104034
1.3994081389864443,-0.5184217412307012,0.30460689944077035
1.4009805076819346,-0.5212110895732948,0.30288246035283545
1.402552876377425,-0.5240307390168745,0.30114758611617676
1.4041252450729154,-0.5268807456090273,0.2994021453666393
1.4056976137684059,-0.5297611646389861,0.29764600272783764
1.4072699824638961,-0.5326720506046159,0.295879018761742
1.4088423511593866,-0.5356134571779161,0.29410104991898306
1.410414719854877,-0.5385854371690046,0.29231194848890346
1.4119870885503674,-0.5415880424885171,0.2905115625493519
1.4135594572458579,-0.5446213241084075,0.2886997359162433
1.4151318259413481,-0.5476853320210704,0.28687630809290493
1.4167041946368386,-0.5507801151967648,0.2850411142192177
1.4182765633323289,-0.5539057215393007,0.2831939850205626
1.4198489320278194,-0.5570621978398997,0.2813347467566148
1.4214213007233096,-0.5602495897292329,0.2794632211699804
1.4229936694188001,-0.5634679416275481,0.2775792254347095
1.4245660381142904,-0.5667172966928644,0.27568257210471075
1.4261384068097809,-0.5699976967671592,0.27377306906208004
1.4277107755052711,-0.5733091823205199,0.2718505194653835
1.4292831442007616,-0.5766517923931995,0.2699147216979055
1.4308555128962521,-0.5800255645355026,0.2679654693159135
1.4324278815917424,-0.5834305347454933,0.2660025509969422
1.4340002502872329,-0.5868667374044246,0.2640257504881555
1.4355726189827231,-0.5903342052098769,0.26203484655479786
1.4371449876782136,-0.593832969106497,0.26002961292879745
1.438717356373704,-0.5973630582143554,0.2580098182575248
1.4402897250691944,-0.6009244997547849,0.25597522605278356
1.4418620937646847,-0.6045173189736944,0.2539255946400561
1.4434344624601751,-0.6081415390623008,0.2518606771080386
1.4450068311556654,-0.6117971810751882,0.24978022125854085
1.446579199851156,-0.6154842638456592,0.24768396955677924
1.4481515685466462,-0.619202803898318,0.2455716590821176
1.4497239372421367,-0.6229528153588099,0.2434430214793227
1.4512963059376272,-0.6267343098606806,0.24129778291036882
1.4528686746331174,-0.6305472964492862,0.23913566400687267
1.454441043328608,-0.6343917814826558,0.2369563798232202
1.4560134120240982,-0.6382677685293232,0.23475963979043266
1.4575857807195887,-0.6421752582629818,0.2325451476708616
1.459158149415079,-0.6461142483539813,0.23031260151376753
1.4607305181105694,-0.6500847333575185,0.22806169361188425
1.4623028868060597,-0.6540867045985522,0.22579211045900438
1.4638752555015502,-0.6581201500533015,0.22350353270872014
1.4654476241970404,-0.6621850542273224,0.22119563513435653
1.467019992892531,-0.6662813980300654,0.21886808659023058
1.4685923615880212,-0.6704091586458886,0.21652054997428608
1.4701647302835117,-0.6745683094014323,0.2141526821922384
1.4717370989790022,-0.6787588196293017,0.21176413412332085
1.4733094676744924,-0.6829806545280425,0.20935455058771055
1.474881836369983,-0.68723377501828,0.20692357031579328
1.4764542050654732,-0.691518137595042,0.2044708259193304
1.4780265737609637,-0.6958336941761336,0.20199594386469047
1.479598942456454,-0.700180391946591,0.1994985444482302
1.4811713111519444,-0.7045581731990698,0.19697824177399645
1.4827436798474347,-0.708966975170236,0.19443464373381586
1.4843160485429252,-0.7134067298729649,0.19186735199000246
1.4858884172384155,-0.717877363924455,0.18927596196072324
1.487460785933906,-0.7223787983700634,0.1866600628082673
1.4890331546293962,-0.7269109485029728,0.18401923743027696
1.4906055233248867,-0.7314737236795072,0.18135306245418875
1.4921778920203772,-0.736067027130155,0.17866110823498177
1.4937502607158675,-0.7406907557662381,0.17594293885643508
1.495322629411358,-0.7453447999821915,0.17319811213605685
1.4968949981068482,-0.7500290434534336,0.1704261796338722
1.4984673668023387,-0.7547433629297974,0.16762668666525807
1.500039735497829,-0.7594876280245098,0.16479917231801208
1.5016121041933195,-0.7642617009987474,0.1619431694738312
1.5031844728888097,-0.7690654365416333,0.15905820483447847
1.5047568415843002,-0.773898681545852,0.1561437989527426
1.5063292102797905,-0.7787612748787239,0.15319946626849715
1.507901578975281,-0.783653047148845,0.1502247151500311
1.5094739476707715,-0.7885738204682963,0.14721904794087598
1.5110463163662617,-0.7935234082103323,0.14418196101244066
1.5126186850617522,-0.7985016147627922,0.1411129448225529
1.5141910537572425,-0.8035082352770525,0.13801148398029692
1.515763422452733,-0.8085430554126769,0.13487705731731894
1.5173357911482233,-0.8136058510778125,0.13170913796587572
1.5189081598437137,-0.8186963881653532,0.1285071934438961
1.520480528539204,-0.8238144222849644,0.12527068574732916
1.5220528972346945,-0.8289596984910382,0.12199907145004608
1.5236252659301848,-0.8341319510066736,0.11869180181158216
1.5251976346256753,-0.839330902943811,0.11534832289298676
1.5267700033211655,-0.8445562660195132,0.11196807568114399
1.528342372016656,-0.8498077402687242,0.10855049622173313
1.5299147407121465,-0.855085013753386,0.10509501576129504
1.5314871094076368,-0.8603877622683243,0.10160106089853585
1.5330594781031273,-0.8657156490438058,0.09806805374535141
1.5346318467986175,-0.8710683244451656,0.09449541209774187
1.536204215494108,-0.8764454256695371,0.09088254961703547
1.5377765841895983,-0.8818465764399764,0.08722887602168791
1.5393489528850888,-0.8872713866971527,0.08353379729001396
1.540921321580579,-0.8927194522888177,0.07979671587419426
1.5424936902760695,-0.8981903546575049,0.07601703092575639
1.5440660589715598,-0.9036836605262581,0.07219413853317595
1.5456384276670503,-0.9091989215833824,0.06832743197145154
1.5472107963625406,-0.9147356741657957,0.06441630196448753
1.548783165058031,-0.9202934389418201,0.060460136960261035
1.5503555337535215,-0.9258717205934522,0.05645832341931526
1.5519279024490118,-0.9314700074987565,0.05241024611671989
1.5535002711445023,-0.937087771414522,0.04831528845799162
1.5550726398399926,-0.942724467159557,0.044172832809329765
1.556645008535483,-0.9483795322995107,0.039982260842152284
1.5582173772309733,-0.9540523868328349,0.035742953892859794
1.5597897459264638,-0.95974243287952,0.03145429333727798
1.561362114621954,-0.9654490543717794,0.027115660981070853
1.5629344833174446,-0.9711716167481923,0.02272643946567458
1.5645068520129348,-0.9769094666517472,0.018286012690113016
1.5660792207084253,-0.9826619316314855,0.013793766249633166
1.5676515894039156,-0.9884283198502382,0.00924908788995955
1.569223958099406,-0.9942079197956594,0.004651367980072792
1.5707963267948966,-1.0,0.0
